timestamp,user_id,post_id
01/10/21 06:01,73455,2671
01/10/21 06:01,1859,1498
01/10/21 06:01,29084,2845
01/10/21 06:01,29084,2845
01/10/21 06:01,8663,3837
01/10/21 06:01,73455,2671
01/10/21 06:01,73455,2671
01/10/21 06:01,8663,3837
01/10/21 06:01,136194,1205
01/10/21 06:01,94081,5671
01/10/21 06:01,94081,5671
01/10/21 06:01,94081,5671
01/10/21 06:01,129394,1126
01/10/21 06:01,29084,2845
01/10/21 06:01,8663,3837
01/10/21 06:01,136194,1205
01/10/21 06:01,129394,1126
01/10/21 06:01,136194,1205
01/10/21 06:01,1859,1498
01/10/21 06:01,1859,1498
01/10/21 06:01,129394,1126
01/10/21 06:02,9252,4954
01/10/21 06:02,9252,4954
01/10/21 06:02,87762,3986
01/10/21 06:02,109583,5706
01/10/21 06:02,109583,5706
01/10/21 06:02,80894,1423
01/10/21 06:02,87762,3986
01/10/21 06:02,143586,4947
01/10/21 06:02,67198,1431
01/10/21 06:02,60373,1153
01/10/21 06:02,60373,1153
01/10/21 06:02,143586,4947
01/10/21 06:02,16060,1430
01/10/21 06:02,101695,6076
01/10/21 06:02,87762,3986
01/10/21 06:02,16060,1430
01/10/21 06:02,101695,6076
01/10/21 06:02,16060,1430
01/10/21 06:02,80894,1423
01/10/21 06:02,9252,4954
01/10/21 06:02,67198,1431
01/10/21 06:02,67198,1431
01/10/21 06:02,143586,4947
01/10/21 06:02,60373,1153
01/10/21 06:02,101695,6076
01/10/21 06:02,109583,5706
01/10/21 06:02,80894,1423
01/10/21 06:03,59346,1496
01/10/21 06:03,59346,1496
01/10/21 06:03,73018,6742
01/10/21 06:03,73018,6742
01/10/21 06:03,59346,1496
01/10/21 06:03,73018,6742
01/10/21 06:07,167332,2013
01/10/21 06:07,160526,5415
01/10/21 06:07,98179,5036
01/10/21 06:07,63731,4827
01/10/21 06:07,160526,5415
01/10/21 06:07,84281,1866
01/10/21 06:07,5781,5730
01/10/21 06:07,33006,1051
01/10/21 06:07,77414,1401
01/10/21 06:07,140117,4284
01/10/21 06:07,105825,4251
01/10/21 06:07,39815,1154
01/10/21 06:07,153723,3454
01/10/21 06:07,140117,4284
01/10/21 06:07,39815,1154
01/10/21 06:07,167332,2013
01/10/21 06:07,126516,1498
01/10/21 06:07,70576,5692
01/10/21 06:07,5781,5730
01/10/21 06:07,70576,5692
01/10/21 06:07,19393,3403
01/10/21 06:07,39815,1154
01/10/21 06:07,33006,1051
01/10/21 06:07,84281,1866
01/10/21 06:07,77414,1401
01/10/21 06:07,12585,984
01/10/21 06:07,105825,4251
01/10/21 06:07,19393,3403
01/10/21 06:07,112916,3634
01/10/21 06:07,160526,5415
01/10/21 06:07,98179,5036
01/10/21 06:07,153723,3454
01/10/21 06:07,84281,1866
01/10/21 06:07,63731,4827
01/10/21 06:07,70576,5692
01/10/21 06:07,167332,2013
01/10/21 06:07,112916,3634
01/10/21 06:07,98179,5036
01/10/21 06:07,126516,1498
01/10/21 06:07,153723,3454
01/10/21 06:07,33006,1051
01/10/21 06:07,77414,1401
01/10/21 06:07,19393,3403
01/10/21 06:07,5781,5730
01/10/21 06:07,12585,984
01/10/21 06:07,12585,984
